<?xml version="1.0" encoding="UTF-8"?>
<project-private xmlns="http://www.netbeans.org/ns/project-private/1">
    <editor-bookmarks xmlns="http://www.netbeans.org/ns/editor-bookmarks/2" lastBookmarkId="0"/>
    <open-files xmlns="http://www.netbeans.org/ns/projectui-open-files/2">
        <group>
            <file>file:/C:/Users/juanj/OneDrive/Documentos/GitHub/TBD/TBD/src/tbd/FrmListaCategorias.java</file>
            <file>file:/C:/Users/juanj/OneDrive/Documentos/GitHub/TBD/TBD/src/modelos/Info.java</file>
            <file>file:/C:/Users/juanj/OneDrive/Documentos/GitHub/TBD/TBD/src/tbd/FrmProducto.java</file>
            <file>file:/C:/Users/juanj/OneDrive/Documentos/GitHub/TBD/TBD/src/tbd/FrmListaProductos.java</file>
            <file>file:/C:/Users/juanj/OneDrive/Documentos/GitHub/TBD/TBD/src/tbd/FrmMenu.java</file>
            <file>file:/C:/Users/juanj/OneDrive/Documentos/GitHub/TBD/TBD/src/tbd/FrmEmpleado.java</file>
            <file>file:/C:/Users/juanj/OneDrive/Documentos/GitHub/TBD/TBD/src/tbd/FrmListaEmpleados.java</file>
            <file>file:/C:/Users/juanj/OneDrive/Documentos/GitHub/TBD/TBD/src/tbd/FrnInicio.java</file>
            <file>file:/C:/Users/juanj/OneDrive/Documentos/GitHub/TBD/TBD/src/datos/DAOCategoria.java</file>
            <file>file:/C:/Users/juanj/OneDrive/Documentos/GitHub/TBD/TBD/src/modelos/Categoria.java</file>
            <file>file:/C:/Users/juanj/OneDrive/Documentos/GitHub/TBD/TBD/src/tbd/FrmCategoria.java</file>
        </group>
    </open-files>
</project-private>
